<?xml version="1.0" encoding="UTF-8"?>
<modification>
	<name><![CDATA[GixOC.ru - <b>Smart Customer Dashboard</b>]]></name>
	<code>GixOC_Smart_Customer_Dashboard</code>
	<version>3.4</version>
	<author><![CDATA[<font color="#3399FF"><a href="https://gixoc.ru">GixOC.ru</font>]]></author>
	<link>https://gixoc.ru</link>
	
	<file path="catalog/controller/account/account.php">
		<operation error="skip">
			<search><![CDATA[$this->response->setOutput($this->load->view('account/account', $data));]]></search>
			<add position="after"><![CDATA[		$data['status'] = $this->config->get('module_gixocaccount_status');
		if ($data['status']) {
			$this->load->model('tool/image');

			$language_id = $this->config->get('config_language_id');
			$groups = array();

			$groups = $this->config->get('module_gixocaccount_groups_customer');
			$els = $this->config->get('module_gixocaccount_el_customer');

			$els_css = '';

			foreach ($groups as $group) {
				if ($group['status']){
					foreach ($els as $el) {
						if (($el['status']) && ($el['customer_group_id'] == $group['id'])) {
							if (is_file(DIR_IMAGE . $el['image'])) {
								$image = $this->model_tool_image->resize($el['image'], $el['image_width'], $el['image_height']);
							} else {
								$image = $this->model_tool_image->resize('no_image.png', 64, 64);
							};

							$els_css .= '#el' . $el['id'] . '{color: ' . $el['color'] . '; font-size: ' . $el['font'] . 'px;}';
							$els_css .= '#el' . $el['id'] . ':hover{color: ' . $el['color_hover'] . '; font-size: ' . $el['font_hover'] . 'px;}';

							$names = $el['name'][$language_id];

							$sort_order = $el['sort_order'];

							$el_data[] = array(
								'name'        => $names,
								'id'          => 'el' . $el['id'],
								'url'         => $el['url'],
								'image'       => $image,
								'class_el'    => $el['class_el'],
								'sort_order'  => $el['sort_order']
							);
						}
					}
					$sort_order = array();

					foreach ($el_data as $key => $value) {
						$sort_order[$key] = $value['sort_order'];
					}

					array_multisort($sort_order, SORT_ASC, $el_data);

					$data['groups'][] = array(
						'id'                  => 'group' . $group['id'],
						'sort_order'          => $group['sort_order'],
						'name'                => $group['name'][$language_id],
						'class_el'            => $group['class_el'],
						'els'                 => $el_data
					);

					$els_css .= '#group' . $group['id'] . '{color: ' . $group['color'] . '; font-size: ' . $group['font'] . 'px;}';
					$els_css .= '#group' . $group['id'] . ':hover{color: ' . $group['color_hover'] . '; font-size: ' . $group['font_hover'] . 'px;}';

					$el_data = array();
				};
			};

			$sort_order = array();

			foreach ($data['groups'] as $key => $value) {
				$sort_order[$key] = $value['sort_order'];
			}

			array_multisort($sort_order, SORT_ASC, $data['groups']);

			$data['els_css'] = $els_css;

			$this->response->setOutput($this->load->view('extension/module/gixocaccount', $data));
		}]]></add>
		</operation>
	</file>
	<file path="catalog/controller/extension/module/account.php">
		<operation error="skip">
			<search><![CDATA[return $this->load->view('extension/module/account', $data);]]></search>
			<add position="before"><![CDATA[		$data['status'] = $this->config->get('module_gixocaccount_status');
		if ($data['status']) {
			$els = array();
			$els_css = '';

			$language_id = $this->config->get('config_language_id');

			$els = $this->config->get('module_gixocaccount_module_customer');
			foreach ($els as $el) {
				if ($el['status']) {
					$els_css .= '#mod' . $el['id'] . '{color: ' . $el['color'] . '; font-size: ' . $el['font'] . 'px;}';
					$els_css .= '#mod' . $el['id'] . ':hover{color: ' . $el['color_hover'] . '; font-size: ' . $el['font_hover'] . 'px;}';

					$names = $el['name'][$language_id];

					$sort_order = $el['sort_order'];

					$el_data[] = array(
						'id'          => 'mod' . $el['id'],
						'name'        => $names,
						'url'         => $el['url'],
						'class_el'    => $el['class_el'],
						'sort_order'  => $el['sort_order']
					);
				}
			}

			$sort_order = array();

			foreach ($el_data as $key => $value) {
				$sort_order[$key] = $value['sort_order'];
			}

			array_multisort($sort_order, SORT_ASC, $el_data);

			$data['els'] = $el_data;

			$data['els_css'] = $els_css . $this->config->get('module_gixocaccount_css');

			return $this->load->view('extension/module/gixocaffiliate', $data);
		}]]></add>
		</operation> 
	</file>
	<!-- fixs for Back controller customer -->
	<file path="catalog/controller/account/wishlist.php">
		<operation error="skip">
			<search><![CDATA[$data['header'] = $this->load->controller('common/header');]]></search>
			<add position="before"><![CDATA[		if (($this->config->get('module_gixocaccount_status')) && ($this->config->get('module_gixocaccount_back'))) {
			$data['status_back'] = true;
			$data['button_back'] = $this->language->get('button_back');
			$data['back'] = $this->url->link('account/account', '', true);
		} else {
			$data['status_back'] = false;
		}]]></add>
		</operation> 
	</file>
	<file path="catalog/controller/account/order.php">
		<operation error="skip">
			<search><![CDATA[$data['header'] = $this->load->controller('common/header');]]></search>
			<add position="before"><![CDATA[		if (($this->config->get('module_gixocaccount_status')) && ($this->config->get('module_gixocaccount_back'))) {
			$data['status_back'] = true;
			$data['button_back'] = $this->language->get('button_back');
			$data['back'] = $this->url->link('account/account', '', true);
		} else {
			$data['status_back'] = false;
		}]]></add>
		</operation>
	</file>
	<file path="catalog/controller/account/download.php">
		<operation error="skip">
			<search><![CDATA[$data['header'] = $this->load->controller('common/header');]]></search>
			<add position="before"><![CDATA[		if (($this->config->get('module_gixocaccount_status')) && ($this->config->get('module_gixocaccount_back'))) {
			$data['status_back'] = true;
			$data['button_back'] = $this->language->get('button_back');
			$data['back'] = $this->url->link('account/account', '', true);
		} else {
			$data['status_back'] = false;
		}]]></add>
		</operation>
	</file>
	<file path="catalog/controller/account/reward.php">
		<operation error="skip">
			<search><![CDATA[$data['header'] = $this->load->controller('common/header');]]></search>
			<add position="before"><![CDATA[		if (($this->config->get('module_gixocaccount_status')) && ($this->config->get('module_gixocaccount_back'))) {
			$data['status_back'] = true;
			$data['button_back'] = $this->language->get('button_back');
			$data['back'] = $this->url->link('account/account', '', true);
		} else {
			$data['status_back'] = false;
		}]]></add>
		</operation>
	</file>
	<file path="catalog/controller/account/return.php">
		<operation error="skip">
			<search><![CDATA[$data['header'] = $this->load->controller('common/header');]]></search>
			<add position="before"><![CDATA[		if (($this->config->get('module_gixocaccount_status')) && ($this->config->get('module_gixocaccount_back'))) {
			$data['status_back'] = true;
			$data['button_back'] = $this->language->get('button_back');
			$data['back'] = $this->url->link('account/account', '', true);
		} else {
			$data['status_back'] = false;
		}]]></add>
		</operation>
	</file>
	<file path="catalog/controller/account/transaction.php">
		<operation error="skip">
			<search><![CDATA[$data['header'] = $this->load->controller('common/header');]]></search>
			<add position="before"><![CDATA[		if (($this->config->get('module_gixocaccount_status')) && ($this->config->get('module_gixocaccount_back'))) {
			$data['status_back'] = true;
			$data['button_back'] = $this->language->get('button_back');
			$data['back'] = $this->url->link('account/account', '', true);
		} else {
			$data['status_back'] = false;
		}]]></add>
		</operation>
	</file>
	<file path="catalog/controller/account/recurring.php">
		<operation error="skip">
			<search><![CDATA[$data['header'] = $this->load->controller('common/header');]]></search>
			<add position="before"><![CDATA[		if (($this->config->get('module_gixocaccount_status')) && ($this->config->get('module_gixocaccount_back'))) {
			$data['status_back'] = true;
			$data['button_back'] = $this->language->get('button_back');
			$data['back'] = $this->url->link('account/account', '', true);
		} else {
			$data['status_back'] = false;
		}]]></add>
		</operation>
	</file>
	<!-- fix for Simple controller -->
	<file path="catalog/controller/account/simpleedit.php">
		<operation error="skip">
			<search><![CDATA[$this->_templateData['simple_header'] = $this->simpleedit->getLinkToHeadertwig();]]></search>
			<add position="before"><![CDATA[		if (($this->config->get('module_gixocaccount_status')) && ($this->config->get('module_gixocaccount_back'))) {
            $this->_templateData['status_back'] = true;
			$this->_templateData['button_back'] = $this->language->get('button_back');
			$this->_templateData['back'] = $this->url->link('account/account', '', 'SSL');
		 } else {
			$this->_templateData['status_back'] = false;
		 }]]></add>
		</operation> 
	</file>
	<!-- fixs for Back view customer -->
	<file path="catalog/view/theme/*/template/account/wishlist.twig">   
		<operation error="skip">
			<search><![CDATA[<div class="pull-right">]]></search> 
			<add position="before"><![CDATA[          {% if status_back %}<div class="pull-left"><a href="{{ back }}" class="btn btn-default">{{ button_back }}</a></div>{% endif %}]]></add>
		</operation>
	</file>
	<file path="catalog/view/theme/*/template/account/order_list.twig">   
		<operation error="skip">
			<search><![CDATA[<div class="pull-right">]]></search> 
			<add position="before"><![CDATA[          {% if status_back %}<div class="pull-left"><a href="{{ back }}" class="btn btn-default">{{ button_back }}</a></div>{% endif %}]]></add>
		</operation>
	</file>
	<file path="catalog/view/theme/*/template/account/download.twig">   
		<operation error="skip">
			<search><![CDATA[<div class="pull-right">]]></search> 
			<add position="before"><![CDATA[          {% if status_back %}<div class="pull-left"><a href="{{ back }}" class="btn btn-default">{{ button_back }}</a></div>{% endif %}]]></add>
		</operation>
	</file>
	<file path="catalog/view/theme/*/template/account/reward.twig">   
		<operation error="skip">
			<search><![CDATA[<div class="pull-right">]]></search> 
			<add position="before"><![CDATA[          {% if status_back %}<div class="pull-left"><a href="{{ back }}" class="btn btn-default">{{ button_back }}</a></div>{% endif %}]]></add>
		</operation>
	</file>
	<file path="catalog/view/theme/*/template/account/return_list.twig">   
		<operation error="skip">
			<search><![CDATA[<div class="pull-right">]]></search> 
			<add position="before"><![CDATA[          {% if status_back %}<div class="pull-left"><a href="{{ back }}" class="btn btn-default">{{ button_back }}</a></div>{% endif %}]]></add>
		</operation>
	</file>
	<file path="catalog/view/theme/*/template/account/transaction.twig">   
		<operation error="skip">
			<search><![CDATA[<div class="pull-right">]]></search> 
			<add position="before"><![CDATA[          {% if status_back %}<div class="pull-left"><a href="{{ back }}" class="btn btn-default">{{ button_back }}</a></div>{% endif %}]]></add>
		</operation>
	</file>
	<file path="catalog/view/theme/*/template/account/recurring_list.twig">   
		<operation error="skip">
			<search><![CDATA[<div class="pull-right">]]></search> 
			<add position="before"><![CDATA[          {% if status_back %}<div class="pull-left"><a href="{{ back }}" class="btn btn-default">{{ button_back }}</a></div>{% endif %}]]></add>
		</operation>
	</file>
	<!-- fix for Simple view -->
	<file path="catalog/view/theme/*/template/account/simpleedit.twig">   
		<operation error="skip">
			<search><![CDATA[<div class="simpleregister-button-right">]]></search> 
			<add position="before"><![CDATA[                {% if status_back %}<div class="simpleregister-button-left">
                    <a class="button btn-default button_oc btn" href="{{ back }}"><span>{{ button_back }}</span></a>
                </div>{% endif %}]]></add>
		</operation>
	</file>
</modification>